method,n,causal_effect,K,lower,reject,upper
DML,400,0.3,2.0,0.7445595562538726,0.805,0.8539447946559949
ours,400,0.3,2.0,0.874010511732856,0.92,0.9501594141102401
