method,n,causal_effect,K,lower,reject,upper
DML,400,0.0,2.0,0.015663303991547604,0.04,0.09837071435887923
ours,400,0.0,2.0,0.015663303991547604,0.04,0.09837071435887923
