method,n,causal_effect,K,lower,reject,upper
DML,400,0.0,2.0,0.015663303991547604,0.04,0.09837071435887923
DML,400,0.3,2.0,0.6676766365018553,0.76,0.8330867444305122
ours,400,0.0,2.0,0.015663303991547604,0.04,0.09837071435887923
ours,400,0.3,2.0,0.8377378714728368,0.91,0.9519274599974349
