method,n,causal_effect,K,lower,reject,upper
DML,400,0.0,2.0,0.01025452402403891,0.03,0.08451936429052763
DML,400,0.3,2.0,0.7445199523239887,0.83,0.8910643388594006
ours,400,0.0,2.0,0.048072540002565146,0.09,0.16226212852716312
ours,400,0.3,2.0,0.5627772885472462,0.66,0.7453847920265184
