method,n,causal_effect,K,lower,reject,upper
DML,400,0.0,2.0,0.01025452402403891,0.03,0.08451936429052763
DML,400,0.3,2.0,0.6676766365018553,0.76,0.8330867444305122
ours,400,0.0,2.0,0.021543679154367966,0.05,0.11175046923191914
ours,400,0.3,2.0,0.05522913706067509,0.1,0.17436566150491348
